id,purchaseOrder_id,itemNo,materialId,materialDescr,quantity,unit,unitPrice,ncm,cfop,icms,ipi,pis,cofins,origin,total,createdAt,createdBy,modifiedAt,modifiedBy
9,4500000021,10,PROD-8727,Sementes de Soja GMO,43,UN,453.90,8541.10.29,5101,4,10,1.65,7.6,Nacional,19517.70,2024-10-11,ndbs,2024-10-11,ndbs
10,4500000021,20,PROD-5463,Sementes de Soja GMO,1,UN,26.18,8528.72.00,5403,12,15,1.65,7.6,Importado,26.18,2024-10-11,ndbs,2024-10-11,ndbs
11,4500000021,30,PROD-6183,Sementes de Soja GMO,28,UN,739.94,8708.40.90,7403,12,0,1.65,7.6,Importado,20718.32,2024-10-11,ndbs,2024-10-11,ndbs
12,4500000021,40,PROD-1101,Trator John Deere 5075E,14,UN,443.36,8414.80.19,5403,4,10,1.65,7.6,Nacional,6207.04,2024-10-11,ndbs,2024-10-11,ndbs
13,4500000021,50,PROD-7965,Herbicida Glifosato 1L,4,UN,239.70,8414.80.19,5403,4,10,1.65,7.6,Nacional,958.80,2024-10-11,ndbs,2024-10-11,ndbs
14,4500000021,60,PROD-9434,Trator John Deere 5075E,50,UN,238.81,8414.80.19,7403,12,10,1.65,7.6,Nacional,11940.50,2024-10-11,ndbs,2024-10-11,ndbs
94,4500000046,10,PROD-5359,Botão de Camisa 12mm - 100 unidades,68,UN,923.76,8541.10.29,5101,4,10,1.65,7.6,Nacional,62815.68,2024-10-11,ndbs,2024-10-11,ndbs
95,4500000046,20,PROD-3256,Botão de Camisa 12mm - 100 unidades,85,UN,525.10,8528.72.00,6201,12,15,1.65,7.6,Importado,44633.50,2024-10-11,ndbs,2024-10-11,ndbs
96,4500000046,30,PROD-1030,Agulhas de Costura 100 unidades,70,UN,615.69,8541.10.29,5403,4,10,1.65,7.6,Importado,43098.30,2024-10-11,ndbs,2024-10-11,ndbs
97,4500000046,40,PROD-3634,Tecido Algodão Cru 100 metros,25,UN,533.54,8528.72.00,7403,4,5,1.65,7.6,Importado,13338.50,2024-10-11,ndbs,2024-10-11,ndbs
98,4500000046,50,PROD-7934,Agulhas de Costura 100 unidades,15,UN,776.74,8541.10.29,6101,4,5,1.65,7.6,Nacional,11651.10,2024-10-11,ndbs,2024-10-11,ndbs
99,4500000046,60,PROD-5816,Máquina de Costura Singer Heavy Duty,97,UN,631.42,8528.72.00,6201,12,10,1.65,7.6,Importado,61247.74,2024-10-11,ndbs,2024-10-11,ndbs
100,4500000046,70,PROD-1885,Linha de Costura Poliéster 500m,29,UN,134.36,8501.10.11,6201,4,5,1.65,7.6,Nacional,3896.44,2024-10-11,ndbs,2024-10-11,ndbs
101,4500000046,80,PROD-2550,Agulhas de Costura 100 unidades,88,UN,570.77,8501.10.11,6101,4,5,1.65,7.6,Importado,50227.76,2024-10-11,ndbs,2024-10-11,ndbs
298,4500000058,10,PROD-5128,Kit de Teste de Glicemia,97,UN,586.17,8708.40.90,5101,18,5,1.65,7.6,Nacional,56858.49,2024-10-11,ndbs,2024-10-11,ndbs
299,4500000058,20,PROD-6519,Luvas Cirúrgicas Estéreis,16,UN,881.94,8528.72.00,5403,7,10,1.65,7.6,Importado,14111.04,2024-10-11,ndbs,2024-10-11,ndbs
300,4500000058,30,PROD-2205,Paracetamol 500mg - 20 comprimidos,61,UN,723.26,8541.10.29,5403,12,5,1.65,7.6,Nacional,44118.86,2024-10-11,ndbs,2024-10-11,ndbs
301,4500000058,40,PROD-8552,Álcool em Gel 70%,50,UN,29.92,8501.10.11,5403,18,15,1.65,7.6,Nacional,1496.00,2024-10-11,ndbs,2024-10-11,ndbs
87,4500000060,10,PROD-3195,Farinha de Trigo 25kg,26,UN,599.79,8708.40.90,6201,12,0,1.65,7.6,Nacional,15594.54,2024-10-11,ndbs,2024-10-11,ndbs
88,4500000060,20,PROD-3139,Farinha de Trigo 25kg,85,UN,678.18,8414.80.19,7403,12,10,1.65,7.6,Nacional,57645.30,2024-10-11,ndbs,2024-10-11,ndbs
89,4500000060,30,PROD-9979,Óleo de Soja Refinado 1L,28,UN,742.62,8541.10.29,6201,4,15,1.65,7.6,Importado,20793.36,2024-10-11,ndbs,2024-10-11,ndbs
90,4500000060,40,PROD-8228,Farinha de Trigo 25kg,100,UN,606.94,8708.40.90,7403,12,10,1.65,7.6,Importado,60694.00,2024-10-11,ndbs,2024-10-11,ndbs
91,4500000060,50,PROD-1406,Margarina Vegetal 500g,46,UN,318.34,8528.72.00,5403,12,5,1.65,7.6,Nacional,14643.64,2024-10-11,ndbs,2024-10-11,ndbs
92,4500000060,60,PROD-5810,Farinha de Trigo 25kg,87,UN,499.88,8414.80.19,5101,4,20,1.65,7.6,Importado,43489.56,2024-10-11,ndbs,2024-10-11,ndbs
93,4500000060,70,PROD-5836,Açúcar Cristal 50kg,45,UN,549.65,8528.72.00,6101,4,5,1.65,7.6,Nacional,24734.25,2024-10-11,ndbs,2024-10-11,ndbs
185,4500000078,10,PROD-9023,Sementes de Soja GMO,52,UN,758.72,8708.40.90,5403,12,5,1.65,7.6,Importado,39453.44,2024-10-11,ndbs,2024-10-11,ndbs
186,4500000078,20,PROD-8683,Herbicida Glifosato 1L,71,UN,437.62,8501.10.11,7403,4,10,1.65,7.6,Nacional,31071.02,2024-10-11,ndbs,2024-10-11,ndbs
187,4500000078,30,PROD-3380,Pulverizador Agrícola Jacto,2,UN,338.17,8541.10.29,5101,12,10,1.65,7.6,Importado,676.34,2024-10-11,ndbs,2024-10-11,ndbs
144,4500000095,10,PROD-9971,Seringa Descartável 10ml,59,UN,754.64,8414.80.19,7403,18,10,1.65,7.6,Nacional,44523.76,2024-10-11,ndbs,2024-10-11,ndbs
145,4500000095,20,PROD-6676,Álcool em Gel 70%,1,UN,914.21,8708.40.90,5101,7,0,1.65,7.6,Importado,914.21,2024-10-11,ndbs,2024-10-11,ndbs
146,4500000095,30,PROD-5699,Seringa Descartável 10ml,48,UN,870.10,8708.40.90,5101,7,0,1.65,7.6,Nacional,41764.80,2024-10-11,ndbs,2024-10-11,ndbs
147,4500000095,40,PROD-6372,Álcool em Gel 70%,36,UN,738.50,8541.10.29,5403,18,10,1.65,7.6,Nacional,26586.00,2024-10-11,ndbs,2024-10-11,ndbs
148,4500000095,50,PROD-5313,Paracetamol 500mg - 20 comprimidos,35,UN,399.11,8501.10.11,7403,7,15,1.65,7.6,Importado,13968.85,2024-10-11,ndbs,2024-10-11,ndbs
149,4500000095,60,PROD-8141,Paracetamol 500mg - 20 comprimidos,81,UN,758.24,8528.72.00,5101,18,10,1.65,7.6,Nacional,61417.44,2024-10-11,ndbs,2024-10-11,ndbs
150,4500000095,70,PROD-5807,Kit de Teste de Glicemia,59,UN,257.45,8501.10.11,5403,18,5,1.65,7.6,Importado,15189.55,2024-10-11,ndbs,2024-10-11,ndbs
151,4500000095,80,PROD-6879,Álcool em Gel 70%,36,UN,391.23,8541.10.29,6101,12,15,1.65,7.6,Nacional,14084.28,2024-10-11,ndbs,2024-10-11,ndbs
152,4500000095,90,PROD-3703,Paracetamol 500mg - 20 comprimidos,95,UN,739.10,8708.40.90,7403,12,0,1.65,7.6,Nacional,70214.50,2024-10-11,ndbs,2024-10-11,ndbs
153,4500000097,10,PROD-5259,Herbicida Glifosato 1L,86,UN,255.22,8708.40.90,5101,12,10,1.65,7.6,Importado,21948.92,2024-10-11,ndbs,2024-10-11,ndbs
154,4500000097,20,PROD-4174,Trator John Deere 5075E,66,UN,781.27,8541.10.29,5101,4,5,1.65,7.6,Importado,51563.82,2024-10-11,ndbs,2024-10-11,ndbs
4,4500000102,10,PROD-3803,Paracetamol 500mg - 20 comprimidos,92,UN,105.76,8528.72.00,5403,18,15,1.65,7.6,Importado,9729.92,2024-10-11,ndbs,2024-10-11,ndbs
5,4500000102,20,PROD-9443,Álcool em Gel 70%,57,UN,861.26,8528.72.00,7403,12,15,1.65,7.6,Nacional,49091.82,2024-10-11,ndbs,2024-10-11,ndbs
6,4500000102,30,PROD-7673,Paracetamol 500mg - 20 comprimidos,24,UN,916.74,8541.10.29,6201,12,15,1.65,7.6,Nacional,22001.76,2024-10-11,ndbs,2024-10-11,ndbs
7,4500000102,40,PROD-9692,Kit de Teste de Glicemia,3,UN,92.83,8501.10.11,5403,18,5,1.65,7.6,Importado,278.49,2024-10-11,ndbs,2024-10-11,ndbs
8,4500000102,50,PROD-9962,Seringa Descartável 10ml,57,UN,40.62,8708.40.90,6101,7,0,1.65,7.6,Importado,2315.34,2024-10-11,ndbs,2024-10-11,ndbs
27,4500000113,10,PROD-6779,Pastilha de Freio Bosch,40,UN,818.10,8528.72.00,6101,18,15,1.65,7.6,Importado,32724.00,2024-10-11,ndbs,2024-10-11,ndbs
28,4500000113,20,PROD-6485,Pastilha de Freio Bosch,69,UN,525.70,8414.80.19,7403,7,10,1.65,7.6,Nacional,36273.30,2024-10-11,ndbs,2024-10-11,ndbs
29,4500000113,30,PROD-7855,Pneu Bridgestone Aro 17,86,UN,66.70,8541.10.29,6101,18,5,1.65,7.6,Nacional,5736.20,2024-10-11,ndbs,2024-10-11,ndbs
30,4500000113,40,PROD-9978,Pneu Bridgestone Aro 17,15,UN,446.61,8501.10.11,6101,7,10,1.65,7.6,Importado,6699.15,2024-10-11,ndbs,2024-10-11,ndbs
31,4500000113,50,PROD-9094,Filtro de Óleo Mann,51,UN,576.10,8414.80.19,6201,12,10,1.65,7.6,Importado,29381.10,2024-10-11,ndbs,2024-10-11,ndbs
32,4500000113,60,PROD-1073,Bateria Automotiva Heliar,28,UN,240.70,8528.72.00,6101,12,15,1.65,7.6,Importado,6739.60,2024-10-11,ndbs,2024-10-11,ndbs
33,4500000113,70,PROD-7099,Óleo Lubrificante Mobil 1,87,UN,511.37,8528.72.00,5403,18,10,1.65,7.6,Nacional,44489.19,2024-10-11,ndbs,2024-10-11,ndbs
34,4500000113,80,PROD-3969,Pastilha de Freio Bosch,27,UN,596.28,8501.10.11,5101,12,15,1.65,7.6,Importado,16099.56,2024-10-11,ndbs,2024-10-11,ndbs
291,4500000129,10,PROD-9038,Bateria Automotiva Heliar,58,UN,756.22,8414.80.19,6101,12,10,1.65,7.6,Nacional,43860.76,2024-10-11,ndbs,2024-10-11,ndbs
292,4500000129,20,PROD-7148,Óleo Lubrificante Mobil 1,46,UN,220.90,8501.10.11,5403,7,15,1.65,7.6,Importado,10161.40,2024-10-11,ndbs,2024-10-11,ndbs
293,4500000129,30,PROD-4891,Filtro de Óleo Mann,23,UN,757.30,8528.72.00,5403,18,15,1.65,7.6,Importado,17417.90,2024-10-11,ndbs,2024-10-11,ndbs
294,4500000129,40,PROD-7770,Pneu Bridgestone Aro 17,55,UN,502.81,8528.72.00,5101,12,5,1.65,7.6,Nacional,27654.55,2024-10-11,ndbs,2024-10-11,ndbs
295,4500000129,50,PROD-3172,Óleo Lubrificante Mobil 1,98,UN,770.56,8501.10.11,5101,7,10,1.65,7.6,Importado,75514.88,2024-10-11,ndbs,2024-10-11,ndbs
296,4500000129,60,PROD-1531,Bateria Automotiva Heliar,6,UN,851.16,8414.80.19,7403,7,0,1.65,7.6,Importado,5106.96,2024-10-11,ndbs,2024-10-11,ndbs
297,4500000129,70,PROD-5912,Filtro de Óleo Mann,93,UN,765.82,8708.40.90,6101,18,10,1.65,7.6,Nacional,71221.26,2024-10-11,ndbs,2024-10-11,ndbs
208,4500000152,10,PROD-7516,Filtro de Óleo Mann,33,UN,269.94,8541.10.29,6101,18,15,1.65,7.6,Importado,8908.02,2024-10-11,ndbs,2024-10-11,ndbs
209,4500000152,20,PROD-4141,Óleo Lubrificante Mobil 1,70,UN,766.51,8414.80.19,5403,18,0,1.65,7.6,Nacional,53655.70,2024-10-11,ndbs,2024-10-11,ndbs
210,4500000152,30,PROD-3590,Óleo Lubrificante Mobil 1,80,UN,438.92,8528.72.00,5403,7,10,1.65,7.6,Nacional,35113.60,2024-10-11,ndbs,2024-10-11,ndbs
211,4500000152,40,PROD-4463,Pastilha de Freio Bosch,61,UN,568.41,8528.72.00,6101,7,15,1.65,7.6,Nacional,34673.01,2024-10-11,ndbs,2024-10-11,ndbs
212,4500000152,50,PROD-3936,Bateria Automotiva Heliar,35,UN,752.60,8528.72.00,7403,7,10,1.65,7.6,Nacional,26341.00,2024-10-11,ndbs,2024-10-11,ndbs
213,4500000152,60,PROD-5176,Óleo Lubrificante Mobil 1,6,UN,30.76,8528.72.00,5101,18,10,1.65,7.6,Importado,184.56,2024-10-11,ndbs,2024-10-11,ndbs
214,4500000152,70,PROD-9623,Óleo Lubrificante Mobil 1,75,UN,304.57,8541.10.29,5101,12,15,1.65,7.6,Importado,22842.75,2024-10-11,ndbs,2024-10-11,ndbs
215,4500000152,80,PROD-7880,Óleo Lubrificante Mobil 1,2,UN,258.40,8414.80.19,6201,18,10,1.65,7.6,Nacional,516.80,2024-10-11,ndbs,2024-10-11,ndbs
216,4500000152,90,PROD-6875,Bateria Automotiva Heliar,44,UN,453.24,8414.80.19,5101,7,10,1.65,7.6,Importado,19942.56,2024-10-11,ndbs,2024-10-11,ndbs
83,4500000160,10,PROD-5919,Trator John Deere 5075E,73,UN,278.44,8528.72.00,6101,12,10,1.65,7.6,Nacional,20326.12,2024-10-11,ndbs,2024-10-11,ndbs
84,4500000160,20,PROD-9783,Herbicida Glifosato 1L,64,UN,547.89,8541.10.29,7403,4,10,1.65,7.6,Importado,35064.96,2024-10-11,ndbs,2024-10-11,ndbs
85,4500000160,30,PROD-2343,Pulverizador Agrícola Jacto,69,UN,684.91,8708.40.90,7403,4,10,1.65,7.6,Nacional,47258.79,2024-10-11,ndbs,2024-10-11,ndbs
86,4500000160,40,PROD-1032,Pulverizador Agrícola Jacto,81,UN,636.77,8541.10.29,6101,4,15,1.65,7.6,Importado,51578.37,2024-10-11,ndbs,2024-10-11,ndbs
220,4500000194,10,PROD-5030,Sementes de Soja GMO,60,UN,175.65,8541.10.29,6101,4,10,1.65,7.6,Importado,10539.00,2024-10-11,ndbs,2024-10-11,ndbs
221,4500000194,20,PROD-2574,Herbicida Glifosato 1L,44,UN,969.37,8528.72.00,7403,4,15,1.65,7.6,Nacional,42652.28,2024-10-11,ndbs,2024-10-11,ndbs
222,4500000194,30,PROD-6853,Trator John Deere 5075E,76,UN,833.91,8708.40.90,6101,12,10,1.65,7.6,Importado,63377.16,2024-10-11,ndbs,2024-10-11,ndbs
223,4500000194,40,PROD-5643,Sementes de Soja GMO,18,UN,285.66,8501.10.11,7403,12,10,1.65,7.6,Nacional,5141.88,2024-10-11,ndbs,2024-10-11,ndbs
224,4500000194,50,PROD-5253,Trator John Deere 5075E,35,UN,616.10,8414.80.19,6201,12,10,1.65,7.6,Importado,21563.50,2024-10-11,ndbs,2024-10-11,ndbs
225,4500000194,60,PROD-8055,Pulverizador Agrícola Jacto,16,UN,925.87,8541.10.29,6101,12,10,1.65,7.6,Importado,14813.92,2024-10-11,ndbs,2024-10-11,ndbs
226,4500000194,70,PROD-3006,Herbicida Glifosato 1L,68,UN,415.69,8528.72.00,5101,4,5,1.65,7.6,Importado,28266.92,2024-10-11,ndbs,2024-10-11,ndbs
227,4500000194,80,PROD-1028,Pulverizador Agrícola Jacto,52,UN,596.89,8708.40.90,5403,4,10,1.65,7.6,Nacional,31038.28,2024-10-11,ndbs,2024-10-11,ndbs
228,4500000194,90,PROD-1268,Pulverizador Agrícola Jacto,87,UN,285.49,8708.40.90,6201,4,10,1.65,7.6,Nacional,24837.63,2024-10-11,ndbs,2024-10-11,ndbs
60,4500000197,10,PROD-9008,Smartphone Samsung Galaxy S21,76,UN,62.40,8528.72.00,5403,18,5,1.65,7.6,Importado,4742.40,2024-10-11,ndbs,2024-10-11,ndbs
61,4500000197,20,PROD-5568,Monitor LG Ultrawide 29",46,UN,455.39,8528.72.00,6201,7,10,1.65,7.6,Importado,20947.94,2024-10-11,ndbs,2024-10-11,ndbs
62,4500000197,30,PROD-8272,Monitor LG Ultrawide 29",76,UN,537.80,8414.80.19,6201,12,10,1.65,7.6,Importado,40872.80,2024-10-11,ndbs,2024-10-11,ndbs
63,4500000197,40,PROD-9590,Processador Intel Core i7 11ª Geração,96,UN,428.93,8708.40.90,6201,12,5,1.65,7.6,Nacional,41177.28,2024-10-11,ndbs,2024-10-11,ndbs
64,4500000197,50,PROD-6216,Laptop Dell Inspiron 15 3000,80,UN,839.27,8414.80.19,5101,18,20,1.65,7.6,Importado,67141.60,2024-10-11,ndbs,2024-10-11,ndbs
65,4500000197,60,PROD-6071,Placa de Vídeo NVIDIA GeForce RTX 3060,56,UN,879.11,8501.10.11,5101,18,5,1.65,7.6,Importado,49230.16,2024-10-11,ndbs,2024-10-11,ndbs
188,4500000220,10,PROD-7466,Farinha de Trigo 25kg,26,UN,322.29,8501.10.11,5101,12,10,1.65,7.6,Importado,8379.54,2024-10-11,ndbs,2024-10-11,ndbs
189,4500000220,20,PROD-9762,Óleo de Soja Refinado 1L,13,UN,548.16,8414.80.19,5403,12,20,1.65,7.6,Nacional,7126.08,2024-10-11,ndbs,2024-10-11,ndbs
190,4500000220,30,PROD-7647,Açúcar Cristal 50kg,41,UN,426.50,8708.40.90,6201,4,5,1.65,7.6,Importado,17486.50,2024-10-11,ndbs,2024-10-11,ndbs
191,4500000220,40,PROD-8704,Açúcar Cristal 50kg,87,UN,307.41,8414.80.19,6101,4,0,1.65,7.6,Importado,26744.67,2024-10-11,ndbs,2024-10-11,ndbs
125,4500000265,10,PROD-2129,Trator John Deere 5075E,33,UN,769.72,8414.80.19,6101,12,0,1.65,7.6,Nacional,25400.76,2024-10-11,ndbs,2024-10-11,ndbs
126,4500000265,20,PROD-5631,Adubo NPK 20-20-20,15,UN,639.50,8414.80.19,6101,4,0,1.65,7.6,Importado,9592.50,2024-10-11,ndbs,2024-10-11,ndbs
127,4500000265,30,PROD-7691,Adubo NPK 20-20-20,27,UN,84.14,8501.10.11,6201,12,15,1.65,7.6,Importado,2271.78,2024-10-11,ndbs,2024-10-11,ndbs
128,4500000265,40,PROD-3091,Pulverizador Agrícola Jacto,88,UN,704.26,8414.80.19,5403,4,0,1.65,7.6,Nacional,61974.88,2024-10-11,ndbs,2024-10-11,ndbs
129,4500000265,50,PROD-9255,Trator John Deere 5075E,16,UN,639.69,8541.10.29,6201,4,10,1.65,7.6,Importado,10235.04,2024-10-11,ndbs,2024-10-11,ndbs
130,4500000296,10,PROD-7027,Óleo de Soja Refinado 1L,31,UN,355.53,8414.80.19,6101,4,0,1.65,7.6,Nacional,11021.43,2024-10-11,ndbs,2024-10-11,ndbs
131,4500000296,20,PROD-4274,Óleo de Soja Refinado 1L,29,UN,492.49,8501.10.11,7403,4,10,1.65,7.6,Importado,14282.21,2024-10-11,ndbs,2024-10-11,ndbs
217,4500000310,10,PROD-4028,Seringa Descartável 10ml,62,UN,895.67,8708.40.90,5101,7,5,1.65,7.6,Importado,55531.54,2024-10-11,ndbs,2024-10-11,ndbs
218,4500000310,20,PROD-9606,Luvas Cirúrgicas Estéreis,33,UN,459.94,8528.72.00,5403,18,5,1.65,7.6,Importado,15178.02,2024-10-11,ndbs,2024-10-11,ndbs
219,4500000310,30,PROD-7073,Kit de Teste de Glicemia,96,UN,778.49,8541.10.29,6101,12,5,1.65,7.6,Nacional,74735.04,2024-10-11,ndbs,2024-10-11,ndbs
35,4500000340,10,PROD-4510,Kit de Teste de Glicemia,81,UN,46.68,8708.40.90,5403,12,5,1.65,7.6,Importado,3781.08,2024-10-11,ndbs,2024-10-11,ndbs
36,4500000340,20,PROD-4669,Luvas Cirúrgicas Estéreis,48,UN,181.59,8708.40.90,5101,18,5,1.65,7.6,Importado,8716.32,2024-10-11,ndbs,2024-10-11,ndbs
37,4500000340,30,PROD-3475,Luvas Cirúrgicas Estéreis,24,UN,511.61,8541.10.29,6101,12,10,1.65,7.6,Nacional,12278.64,2024-10-11,ndbs,2024-10-11,ndbs
38,4500000340,40,PROD-3021,Paracetamol 500mg - 20 comprimidos,12,UN,777.23,8708.40.90,6201,12,10,1.65,7.6,Nacional,9326.76,2024-10-11,ndbs,2024-10-11,ndbs
132,4500000400,10,PROD-3796,Linha de Costura Poliéster 500m,16,UN,10.75,8414.80.19,5101,4,0,1.65,7.6,Importado,172.00,2024-10-11,ndbs,2024-10-11,ndbs
133,4500000400,20,PROD-8136,Máquina de Costura Singer Heavy Duty,66,UN,547.80,8708.40.90,6101,4,5,1.65,7.6,Importado,36154.80,2024-10-11,ndbs,2024-10-11,ndbs
134,4500000400,30,PROD-3529,Agulhas de Costura 100 unidades,49,UN,781.93,8414.80.19,6201,4,20,1.65,7.6,Importado,38314.57,2024-10-11,ndbs,2024-10-11,ndbs
135,4500000400,40,PROD-1031,Máquina de Costura Singer Heavy Duty,47,UN,548.27,8528.72.00,5403,4,5,1.65,7.6,Importado,25768.69,2024-10-11,ndbs,2024-10-11,ndbs
136,4500000400,50,PROD-5084,Botão de Camisa 12mm - 100 unidades,47,UN,294.68,8414.80.19,5101,12,10,1.65,7.6,Importado,13849.96,2024-10-11,ndbs,2024-10-11,ndbs
155,4500000421,10,PROD-4723,Farinha de Trigo 25kg,63,UN,55.50,8708.40.90,5101,12,10,1.65,7.6,Importado,3496.50,2024-10-11,ndbs,2024-10-11,ndbs
156,4500000421,20,PROD-1287,Margarina Vegetal 500g,80,UN,432.51,8414.80.19,5101,4,0,1.65,7.6,Nacional,34600.80,2024-10-11,ndbs,2024-10-11,ndbs
157,4500000421,30,PROD-6177,Margarina Vegetal 500g,4,UN,161.30,8708.40.90,7403,4,5,1.65,7.6,Nacional,645.20,2024-10-11,ndbs,2024-10-11,ndbs
158,4500000421,40,PROD-8088,Óleo de Soja Refinado 1L,90,UN,79.23,8528.72.00,5403,12,5,1.65,7.6,Nacional,7130.70,2024-10-11,ndbs,2024-10-11,ndbs
159,4500000421,50,PROD-6606,Óleo de Soja Refinado 1L,37,UN,641.86,8501.10.11,6201,12,5,1.65,7.6,Nacional,23748.82,2024-10-11,ndbs,2024-10-11,ndbs
160,4500000421,60,PROD-1750,Açúcar Cristal 50kg,70,UN,742.75,8541.10.29,6201,12,10,1.65,7.6,Importado,51992.50,2024-10-11,ndbs,2024-10-11,ndbs
161,4500000421,70,PROD-8967,Açúcar Cristal 50kg,18,UN,136.20,8501.10.11,5403,4,10,1.65,7.6,Nacional,2451.60,2024-10-11,ndbs,2024-10-11,ndbs
162,4500000421,80,PROD-9933,Açúcar Cristal 50kg,51,UN,997.90,8501.10.11,5101,4,15,1.65,7.6,Importado,50892.90,2024-10-11,ndbs,2024-10-11,ndbs
163,4500000421,90,PROD-8585,Margarina Vegetal 500g,42,UN,95.42,8414.80.19,7403,4,20,1.65,7.6,Importado,4007.64,2024-10-11,ndbs,2024-10-11,ndbs
164,4500000421,100,PROD-2368,Margarina Vegetal 500g,88,UN,70.65,8708.40.90,5101,12,0,1.65,7.6,Nacional,6217.20,2024-10-11,ndbs,2024-10-11,ndbs
177,4500000445,10,PROD-5894,Filtro de Óleo Mann,53,UN,80.65,8541.10.29,7403,12,5,1.65,7.6,Importado,4274.45,2024-10-11,ndbs,2024-10-11,ndbs
178,4500000445,20,PROD-9011,Pastilha de Freio Bosch,87,UN,482.88,8708.40.90,6101,12,10,1.65,7.6,Importado,42010.56,2024-10-11,ndbs,2024-10-11,ndbs
1,4500000481,10,PROD-2392,Pneu Bridgestone Aro 17,50,UN,844.77,8541.10.29,7403,18,15,1.65,7.6,Nacional,42238.50,2024-10-11,ndbs,2024-10-11,ndbs
2,4500000481,20,PROD-4462,Óleo Lubrificante Mobil 1,21,UN,718.19,8501.10.11,6101,12,10,1.65,7.6,Importado,15081.99,2024-10-11,ndbs,2024-10-11,ndbs
3,4500000481,30,PROD-5269,Bateria Automotiva Heliar,17,UN,534.40,8501.10.11,6101,12,10,1.65,7.6,Importado,9084.80,2024-10-11,ndbs,2024-10-11,ndbs
39,4500000515,10,PROD-1242,Sementes de Soja GMO,77,UN,542.29,8541.10.29,5403,4,10,1.65,7.6,Importado,41756.33,2024-10-11,ndbs,2024-10-11,ndbs
40,4500000515,20,PROD-8471,Pulverizador Agrícola Jacto,12,UN,25.86,8541.10.29,6201,12,5,1.65,7.6,Importado,310.32,2024-10-11,ndbs,2024-10-11,ndbs
41,4500000515,30,PROD-2143,Sementes de Soja GMO,21,UN,246.18,8528.72.00,6201,4,15,1.65,7.6,Nacional,5169.78,2024-10-11,ndbs,2024-10-11,ndbs
42,4500000515,40,PROD-6587,Pulverizador Agrícola Jacto,64,UN,159.66,8541.10.29,7403,4,5,1.65,7.6,Nacional,10218.24,2024-10-11,ndbs,2024-10-11,ndbs
43,4500000515,50,PROD-3034,Trator John Deere 5075E,35,UN,656.54,8414.80.19,5403,12,0,1.65,7.6,Nacional,22978.90,2024-10-11,ndbs,2024-10-11,ndbs
44,4500000515,60,PROD-1114,Pulverizador Agrícola Jacto,9,UN,460.82,8708.40.90,5403,12,0,1.65,7.6,Nacional,4147.38,2024-10-11,ndbs,2024-10-11,ndbs
45,4500000515,70,PROD-6483,Adubo NPK 20-20-20,83,UN,76.17,8528.72.00,6101,12,5,1.65,7.6,Nacional,6322.11,2024-10-11,ndbs,2024-10-11,ndbs
46,4500000515,80,PROD-6759,Herbicida Glifosato 1L,73,UN,734.91,8501.10.11,6201,4,5,1.65,7.6,Importado,53648.43,2024-10-11,ndbs,2024-10-11,ndbs
47,4500000515,90,PROD-1802,Herbicida Glifosato 1L,98,UN,699.72,8414.80.19,5403,12,0,1.65,7.6,Importado,68572.56,2024-10-11,ndbs,2024-10-11,ndbs
48,4500000515,100,PROD-6380,Trator John Deere 5075E,63,UN,881.25,8414.80.19,5403,4,0,1.65,7.6,Nacional,55518.75,2024-10-11,ndbs,2024-10-11,ndbs
179,4500000582,10,PROD-5792,Luvas Cirúrgicas Estéreis,87,UN,197.67,8708.40.90,6201,7,10,1.65,7.6,Importado,17197.29,2024-10-11,ndbs,2024-10-11,ndbs
180,4500000582,20,PROD-3390,Luvas Cirúrgicas Estéreis,42,UN,406.34,8501.10.11,5403,7,15,1.65,7.6,Importado,17066.28,2024-10-11,ndbs,2024-10-11,ndbs
181,4500000582,30,PROD-5028,Kit de Teste de Glicemia,59,UN,39.80,8501.10.11,7403,12,10,1.65,7.6,Importado,2348.20,2024-10-11,ndbs,2024-10-11,ndbs
182,4500000582,40,PROD-9572,Seringa Descartável 10ml,63,UN,434.89,8528.72.00,6201,12,10,1.65,7.6,Importado,27398.07,2024-10-11,ndbs,2024-10-11,ndbs
183,4500000582,50,PROD-8265,Paracetamol 500mg - 20 comprimidos,27,UN,602.33,8541.10.29,7403,18,5,1.65,7.6,Importado,16262.91,2024-10-11,ndbs,2024-10-11,ndbs
184,4500000582,60,PROD-2126,Seringa Descartável 10ml,65,UN,270.40,8528.72.00,5101,18,10,1.65,7.6,Nacional,17576.00,2024-10-11,ndbs,2024-10-11,ndbs
22,4500000606,10,PROD-9725,Tecido Algodão Cru 100 metros,20,UN,519.30,8414.80.19,7403,4,0,1.65,7.6,Nacional,10386.00,2024-10-11,ndbs,2024-10-11,ndbs
23,4500000606,20,PROD-1816,Máquina de Costura Singer Heavy Duty,62,UN,113.83,8541.10.29,7403,12,15,1.65,7.6,Importado,7057.46,2024-10-11,ndbs,2024-10-11,ndbs
24,4500000606,30,PROD-2382,Tecido Algodão Cru 100 metros,98,UN,611.41,8541.10.29,7403,12,10,1.65,7.6,Nacional,59918.18,2024-10-11,ndbs,2024-10-11,ndbs
229,4500000619,10,PROD-3328,Farinha de Trigo 25kg,21,UN,935.85,8501.10.11,5101,12,15,1.65,7.6,Nacional,19652.85,2024-10-11,ndbs,2024-10-11,ndbs
230,4500000619,20,PROD-1394,Leite em Pó Integral 1kg,28,UN,46.72,8541.10.29,6201,4,5,1.65,7.6,Nacional,1308.16,2024-10-11,ndbs,2024-10-11,ndbs
231,4500000619,30,PROD-8161,Leite em Pó Integral 1kg,9,UN,105.60,8528.72.00,7403,12,5,1.65,7.6,Nacional,950.40,2024-10-11,ndbs,2024-10-11,ndbs
232,4500000619,40,PROD-6575,Açúcar Cristal 50kg,26,UN,786.17,8414.80.19,6201,4,10,1.65,7.6,Nacional,20440.42,2024-10-11,ndbs,2024-10-11,ndbs
233,4500000619,50,PROD-4100,Leite em Pó Integral 1kg,79,UN,794.32,8501.10.11,6101,12,10,1.65,7.6,Importado,62751.28,2024-10-11,ndbs,2024-10-11,ndbs
234,4500000619,60,PROD-3726,Farinha de Trigo 25kg,91,UN,783.80,8528.72.00,5101,12,15,1.65,7.6,Importado,71325.80,2024-10-11,ndbs,2024-10-11,ndbs
235,4500000619,70,PROD-2701,Açúcar Cristal 50kg,14,UN,702.15,8528.72.00,5403,12,5,1.65,7.6,Nacional,9830.10,2024-10-11,ndbs,2024-10-11,ndbs
236,4500000619,80,PROD-6969,Açúcar Cristal 50kg,3,UN,700.29,8708.40.90,5101,4,5,1.65,7.6,Importado,2100.87,2024-10-11,ndbs,2024-10-11,ndbs
274,4500000626,10,PROD-4605,Açúcar Cristal 50kg,14,UN,904.54,8708.40.90,5101,4,10,1.65,7.6,Importado,12663.56,2024-10-11,ndbs,2024-10-11,ndbs
275,4500000626,20,PROD-6415,Leite em Pó Integral 1kg,46,UN,899.98,8708.40.90,5101,12,10,1.65,7.6,Importado,41399.08,2024-10-11,ndbs,2024-10-11,ndbs
276,4500000626,30,PROD-5403,Açúcar Cristal 50kg,37,UN,377.39,8708.40.90,7403,12,0,1.65,7.6,Importado,13963.43,2024-10-11,ndbs,2024-10-11,ndbs
277,4500000626,40,PROD-2056,Açúcar Cristal 50kg,62,UN,411.30,8708.40.90,6201,4,5,1.65,7.6,Importado,25500.60,2024-10-11,ndbs,2024-10-11,ndbs
278,4500000626,50,PROD-6646,Margarina Vegetal 500g,40,UN,720.15,8414.80.19,5101,4,10,1.65,7.6,Nacional,28806.00,2024-10-11,ndbs,2024-10-11,ndbs
279,4500000626,60,PROD-6553,Farinha de Trigo 25kg,32,UN,164.28,8541.10.29,5101,12,5,1.65,7.6,Importado,5256.96,2024-10-11,ndbs,2024-10-11,ndbs
192,4500000649,10,PROD-4830,Linha de Costura Poliéster 500m,41,UN,61.64,8541.10.29,7403,4,10,1.65,7.6,Importado,2527.24,2024-10-11,ndbs,2024-10-11,ndbs
193,4500000649,20,PROD-7733,Tecido Algodão Cru 100 metros,2,UN,224.10,8414.80.19,6201,4,0,1.65,7.6,Importado,448.20,2024-10-11,ndbs,2024-10-11,ndbs
194,4500000649,30,PROD-5099,Tecido Algodão Cru 100 metros,19,UN,634.75,8528.72.00,6101,4,5,1.65,7.6,Nacional,12060.25,2024-10-11,ndbs,2024-10-11,ndbs
195,4500000649,40,PROD-6808,Tecido Algodão Cru 100 metros,8,UN,822.27,8528.72.00,5403,4,15,1.65,7.6,Importado,6578.16,2024-10-11,ndbs,2024-10-11,ndbs
196,4500000649,50,PROD-7113,Botão de Camisa 12mm - 100 unidades,93,UN,537.33,8501.10.11,6101,4,10,1.65,7.6,Importado,49971.69,2024-10-11,ndbs,2024-10-11,ndbs
197,4500000649,60,PROD-4611,Tecido Algodão Cru 100 metros,75,UN,918.86,8541.10.29,5101,4,10,1.65,7.6,Importado,68914.50,2024-10-11,ndbs,2024-10-11,ndbs
198,4500000649,70,PROD-1362,Máquina de Costura Singer Heavy Duty,9,UN,780.11,8528.72.00,6101,12,15,1.65,7.6,Importado,7020.99,2024-10-11,ndbs,2024-10-11,ndbs
142,4500000663,10,PROD-3595,Pneu Bridgestone Aro 17,80,UN,580.71,8708.40.90,5403,18,5,1.65,7.6,Nacional,46456.80,2024-10-11,ndbs,2024-10-11,ndbs
143,4500000663,20,PROD-4340,Pastilha de Freio Bosch,17,UN,289.50,8414.80.19,5403,12,10,1.65,7.6,Importado,4921.50,2024-10-11,ndbs,2024-10-11,ndbs
265,4500000668,10,PROD-8296,Pulverizador Agrícola Jacto,30,UN,920.95,8708.40.90,5101,12,5,1.65,7.6,Nacional,27628.50,2024-10-11,ndbs,2024-10-11,ndbs
266,4500000668,20,PROD-8441,Herbicida Glifosato 1L,94,UN,852.75,8708.40.90,6201,12,10,1.65,7.6,Nacional,80158.50,2024-10-11,ndbs,2024-10-11,ndbs
267,4500000668,30,PROD-8858,Adubo NPK 20-20-20,84,UN,200.20,8708.40.90,6101,12,10,1.65,7.6,Nacional,16816.80,2024-10-11,ndbs,2024-10-11,ndbs
268,4500000668,40,PROD-6286,Trator John Deere 5075E,74,UN,354.65,8414.80.19,5101,4,0,1.65,7.6,Importado,26244.10,2024-10-11,ndbs,2024-10-11,ndbs
269,4500000668,50,PROD-2110,Herbicida Glifosato 1L,4,UN,248.53,8708.40.90,6201,12,0,1.65,7.6,Nacional,994.12,2024-10-11,ndbs,2024-10-11,ndbs
270,4500000668,60,PROD-8548,Adubo NPK 20-20-20,48,UN,518.27,8501.10.11,5403,4,10,1.65,7.6,Nacional,24876.96,2024-10-11,ndbs,2024-10-11,ndbs
271,4500000668,70,PROD-6032,Sementes de Soja GMO,77,UN,37.66,8501.10.11,5403,4,10,1.65,7.6,Nacional,2899.82,2024-10-11,ndbs,2024-10-11,ndbs
272,4500000668,80,PROD-7306,Pulverizador Agrícola Jacto,46,UN,704.30,8501.10.11,6201,12,15,1.65,7.6,Importado,32397.80,2024-10-11,ndbs,2024-10-11,ndbs
273,4500000668,90,PROD-3097,Pulverizador Agrícola Jacto,56,UN,626.65,8501.10.11,6101,12,15,1.65,7.6,Importado,35092.40,2024-10-11,ndbs,2024-10-11,ndbs
246,4500000672,10,PROD-9435,Placa de Vídeo NVIDIA GeForce RTX 3060,68,UN,339.55,8414.80.19,6201,18,20,1.65,7.6,Nacional,23089.40,2024-10-11,ndbs,2024-10-11,ndbs
247,4500000672,20,PROD-9584,Monitor LG Ultrawide 29",32,UN,922.50,8708.40.90,5101,7,5,1.65,7.6,Importado,29520.00,2024-10-11,ndbs,2024-10-11,ndbs
248,4500000672,30,PROD-9518,Laptop Dell Inspiron 15 3000,13,UN,757.96,8414.80.19,7403,12,0,1.65,7.6,Nacional,9853.48,2024-10-11,ndbs,2024-10-11,ndbs
249,4500000672,40,PROD-7222,Smartphone Samsung Galaxy S21,48,UN,812.41,8541.10.29,7403,12,10,1.65,7.6,Nacional,38995.68,2024-10-11,ndbs,2024-10-11,ndbs
165,4500000680,10,PROD-1020,Máquina de Costura Singer Heavy Duty,100,UN,352.99,8501.10.11,5101,12,5,1.65,7.6,Nacional,35299.00,2024-10-11,ndbs,2024-10-11,ndbs
166,4500000680,20,PROD-7522,Linha de Costura Poliéster 500m,4,UN,389.52,8414.80.19,6101,12,20,1.65,7.6,Importado,1558.08,2024-10-11,ndbs,2024-10-11,ndbs
167,4500000680,30,PROD-8000,Botão de Camisa 12mm - 100 unidades,23,UN,146.16,8501.10.11,7403,12,5,1.65,7.6,Importado,3361.68,2024-10-11,ndbs,2024-10-11,ndbs
168,4500000680,40,PROD-4154,Botão de Camisa 12mm - 100 unidades,87,UN,286.80,8501.10.11,5403,12,10,1.65,7.6,Nacional,24951.60,2024-10-11,ndbs,2024-10-11,ndbs
250,4500000707,10,PROD-7119,Filtro de Óleo Mann,59,UN,832.22,8541.10.29,6101,18,5,1.65,7.6,Nacional,49100.98,2024-10-11,ndbs,2024-10-11,ndbs
251,4500000707,20,PROD-8856,Bateria Automotiva Heliar,33,UN,325.61,8501.10.11,5403,18,10,1.65,7.6,Importado,10745.13,2024-10-11,ndbs,2024-10-11,ndbs
252,4500000707,30,PROD-1655,Pastilha de Freio Bosch,9,UN,640.64,8708.40.90,5101,12,0,1.65,7.6,Importado,5765.76,2024-10-11,ndbs,2024-10-11,ndbs
253,4500000707,40,PROD-8807,Óleo Lubrificante Mobil 1,93,UN,235.39,8708.40.90,7403,12,10,1.65,7.6,Importado,21891.27,2024-10-11,ndbs,2024-10-11,ndbs
254,4500000707,50,PROD-9029,Pneu Bridgestone Aro 17,13,UN,952.13,8528.72.00,6201,18,15,1.65,7.6,Nacional,12377.69,2024-10-11,ndbs,2024-10-11,ndbs
255,4500000707,60,PROD-6248,Óleo Lubrificante Mobil 1,28,UN,760.66,8414.80.19,6101,7,20,1.65,7.6,Importado,21298.48,2024-10-11,ndbs,2024-10-11,ndbs
256,4500000707,70,PROD-6547,Óleo Lubrificante Mobil 1,53,UN,782.60,8708.40.90,5101,7,0,1.65,7.6,Nacional,41477.80,2024-10-11,ndbs,2024-10-11,ndbs
257,4500000707,80,PROD-6403,Bateria Automotiva Heliar,55,UN,219.29,8501.10.11,5101,12,15,1.65,7.6,Nacional,12060.95,2024-10-11,ndbs,2024-10-11,ndbs
258,4500000707,90,PROD-9635,Óleo Lubrificante Mobil 1,9,UN,508.37,8528.72.00,5403,12,5,1.65,7.6,Importado,4575.33,2024-10-11,ndbs,2024-10-11,ndbs
259,4500000707,100,PROD-8607,Bateria Automotiva Heliar,94,UN,664.59,8414.80.19,5403,7,10,1.65,7.6,Importado,62471.46,2024-10-11,ndbs,2024-10-11,ndbs
49,4500000716,10,PROD-8748,Farinha de Trigo 25kg,3,UN,676.16,8528.72.00,5403,12,5,1.65,7.6,Nacional,2028.48,2024-10-11,ndbs,2024-10-11,ndbs
50,4500000716,20,PROD-4037,Farinha de Trigo 25kg,82,UN,983.29,8501.10.11,5101,4,10,1.65,7.6,Importado,80629.78,2024-10-11,ndbs,2024-10-11,ndbs
51,4500000716,30,PROD-9279,Óleo de Soja Refinado 1L,43,UN,241.80,8708.40.90,7403,4,0,1.65,7.6,Nacional,10397.40,2024-10-11,ndbs,2024-10-11,ndbs
52,4500000716,40,PROD-4019,Óleo de Soja Refinado 1L,6,UN,682.91,8414.80.19,6101,4,10,1.65,7.6,Importado,4097.46,2024-10-11,ndbs,2024-10-11,ndbs
53,4500000716,50,PROD-4072,Leite em Pó Integral 1kg,16,UN,91.30,8541.10.29,6101,12,5,1.65,7.6,Nacional,1460.80,2024-10-11,ndbs,2024-10-11,ndbs
54,4500000716,60,PROD-6768,Açúcar Cristal 50kg,7,UN,229.82,8528.72.00,6201,12,15,1.65,7.6,Importado,1608.74,2024-10-11,ndbs,2024-10-11,ndbs
55,4500000716,70,PROD-7972,Óleo de Soja Refinado 1L,51,UN,879.62,8708.40.90,6101,12,5,1.65,7.6,Importado,44860.62,2024-10-11,ndbs,2024-10-11,ndbs
285,4500000726,10,PROD-2734,Processador Intel Core i7 11ª Geração,75,UN,21.44,8414.80.19,6201,7,20,1.65,7.6,Nacional,1608.00,2024-10-11,ndbs,2024-10-11,ndbs
286,4500000726,20,PROD-5007,Processador Intel Core i7 11ª Geração,8,UN,406.71,8528.72.00,6201,12,15,1.65,7.6,Importado,3253.68,2024-10-11,ndbs,2024-10-11,ndbs
287,4500000726,30,PROD-2782,Monitor LG Ultrawide 29",9,UN,525.50,8708.40.90,6101,7,10,1.65,7.6,Nacional,4729.50,2024-10-11,ndbs,2024-10-11,ndbs
288,4500000726,40,PROD-9517,Laptop Dell Inspiron 15 3000,51,UN,165.70,8501.10.11,5101,18,15,1.65,7.6,Nacional,8450.70,2024-10-11,ndbs,2024-10-11,ndbs
289,4500000726,50,PROD-5477,Placa de Vídeo NVIDIA GeForce RTX 3060,52,UN,80.79,8414.80.19,6201,12,0,1.65,7.6,Nacional,4201.08,2024-10-11,ndbs,2024-10-11,ndbs
290,4500000726,60,PROD-4300,Laptop Dell Inspiron 15 3000,57,UN,755.77,8501.10.11,6101,12,15,1.65,7.6,Importado,43078.89,2024-10-11,ndbs,2024-10-11,ndbs
237,4500000790,10,PROD-4788,Botão de Camisa 12mm - 100 unidades,78,UN,913.12,8528.72.00,6201,4,15,1.65,7.6,Importado,71223.36,2024-10-11,ndbs,2024-10-11,ndbs
238,4500000790,20,PROD-7691,Tecido Algodão Cru 100 metros,41,UN,58.85,8501.10.11,7403,4,10,1.65,7.6,Importado,2412.85,2024-10-11,ndbs,2024-10-11,ndbs
239,4500000790,30,PROD-1003,Botão de Camisa 12mm - 100 unidades,26,UN,963.65,8501.10.11,5403,4,15,1.65,7.6,Importado,25054.90,2024-10-11,ndbs,2024-10-11,ndbs
240,4500000790,40,PROD-3467,Linha de Costura Poliéster 500m,100,UN,22.10,8528.72.00,5403,12,10,1.65,7.6,Importado,2210.00,2024-10-11,ndbs,2024-10-11,ndbs
241,4500000790,50,PROD-8131,Máquina de Costura Singer Heavy Duty,27,UN,452.39,8541.10.29,6201,12,15,1.65,7.6,Nacional,12214.53,2024-10-11,ndbs,2024-10-11,ndbs
242,4500000790,60,PROD-3851,Linha de Costura Poliéster 500m,19,UN,255.86,8708.40.90,6201,12,0,1.65,7.6,Nacional,4861.34,2024-10-11,ndbs,2024-10-11,ndbs
243,4500000790,70,PROD-1319,Tecido Algodão Cru 100 metros,65,UN,508.70,8528.72.00,5403,4,10,1.65,7.6,Importado,33065.50,2024-10-11,ndbs,2024-10-11,ndbs
244,4500000790,80,PROD-5777,Botão de Camisa 12mm - 100 unidades,56,UN,160.12,8708.40.90,5101,12,10,1.65,7.6,Nacional,8966.72,2024-10-11,ndbs,2024-10-11,ndbs
245,4500000790,90,PROD-9567,Agulhas de Costura 100 unidades,89,UN,539.93,8414.80.19,5403,12,20,1.65,7.6,Importado,48053.77,2024-10-11,ndbs,2024-10-11,ndbs
73,4500000791,10,PROD-1962,Álcool em Gel 70%,35,UN,813.81,8501.10.11,6101,12,10,1.65,7.6,Nacional,28483.35,2024-10-11,ndbs,2024-10-11,ndbs
74,4500000791,20,PROD-9365,Luvas Cirúrgicas Estéreis,56,UN,564.73,8708.40.90,5403,12,0,1.65,7.6,Nacional,31624.88,2024-10-11,ndbs,2024-10-11,ndbs
75,4500000791,30,PROD-5401,Seringa Descartável 10ml,31,UN,717.77,8414.80.19,7403,7,20,1.65,7.6,Nacional,22250.87,2024-10-11,ndbs,2024-10-11,ndbs
76,4500000791,40,PROD-3772,Luvas Cirúrgicas Estéreis,74,UN,839.46,8708.40.90,5101,18,10,1.65,7.6,Importado,62120.04,2024-10-11,ndbs,2024-10-11,ndbs
77,4500000791,50,PROD-2026,Seringa Descartável 10ml,91,UN,835.43,8708.40.90,7403,12,10,1.65,7.6,Nacional,76024.13,2024-10-11,ndbs,2024-10-11,ndbs
78,4500000791,60,PROD-4694,Seringa Descartável 10ml,32,UN,878.10,8541.10.29,7403,18,10,1.65,7.6,Nacional,28099.20,2024-10-11,ndbs,2024-10-11,ndbs
79,4500000791,70,PROD-9081,Álcool em Gel 70%,94,UN,320.40,8541.10.29,6101,7,10,1.65,7.6,Importado,30117.60,2024-10-11,ndbs,2024-10-11,ndbs
80,4500000791,80,PROD-2742,Luvas Cirúrgicas Estéreis,23,UN,55.42,8708.40.90,7403,7,0,1.65,7.6,Importado,1274.66,2024-10-11,ndbs,2024-10-11,ndbs
81,4500000791,90,PROD-2027,Luvas Cirúrgicas Estéreis,61,UN,555.90,8528.72.00,5101,7,10,1.65,7.6,Importado,33909.90,2024-10-11,ndbs,2024-10-11,ndbs
82,4500000791,100,PROD-2736,Álcool em Gel 70%,95,UN,472.62,8414.80.19,5403,12,0,1.65,7.6,Importado,44898.90,2024-10-11,ndbs,2024-10-11,ndbs
280,4500000802,10,PROD-2835,Máquina de Costura Singer Heavy Duty,2,UN,236.42,8528.72.00,6201,12,5,1.65,7.6,Nacional,472.84,2024-10-11,ndbs,2024-10-11,ndbs
281,4500000802,20,PROD-1596,Linha de Costura Poliéster 500m,44,UN,253.40,8414.80.19,6201,12,20,1.65,7.6,Nacional,11149.60,2024-10-11,ndbs,2024-10-11,ndbs
282,4500000802,30,PROD-1948,Tecido Algodão Cru 100 metros,61,UN,364.80,8501.10.11,6201,12,15,1.65,7.6,Nacional,22252.80,2024-10-11,ndbs,2024-10-11,ndbs
283,4500000802,40,PROD-3217,Linha de Costura Poliéster 500m,1,UN,224.10,8708.40.90,7403,12,0,1.65,7.6,Nacional,224.10,2024-10-11,ndbs,2024-10-11,ndbs
284,4500000802,50,PROD-7842,Botão de Camisa 12mm - 100 unidades,57,UN,328.62,8501.10.11,6101,12,15,1.65,7.6,Importado,18731.34,2024-10-11,ndbs,2024-10-11,ndbs
102,4500000811,10,PROD-6774,Monitor LG Ultrawide 29",81,UN,993.14,8541.10.29,6101,12,5,1.65,7.6,Importado,80444.34,2024-10-11,ndbs,2024-10-11,ndbs
103,4500000811,20,PROD-8107,Laptop Dell Inspiron 15 3000,82,UN,865.27,8501.10.11,5403,12,10,1.65,7.6,Importado,70952.14,2024-10-11,ndbs,2024-10-11,ndbs
104,4500000811,30,PROD-2065,Monitor LG Ultrawide 29",9,UN,556.48,8708.40.90,5101,12,10,1.65,7.6,Nacional,5008.32,2024-10-11,ndbs,2024-10-11,ndbs
105,4500000811,40,PROD-4999,Placa de Vídeo NVIDIA GeForce RTX 3060,11,UN,504.66,8541.10.29,7403,18,5,1.65,7.6,Importado,5551.26,2024-10-11,ndbs,2024-10-11,ndbs
106,4500000811,50,PROD-8152,Laptop Dell Inspiron 15 3000,65,UN,78.78,8708.40.90,5403,12,5,1.65,7.6,Importado,5120.70,2024-10-11,ndbs,2024-10-11,ndbs
107,4500000811,60,PROD-6290,Laptop Dell Inspiron 15 3000,29,UN,715.14,8708.40.90,6101,18,0,1.65,7.6,Nacional,20739.06,2024-10-11,ndbs,2024-10-11,ndbs
108,4500000811,70,PROD-8003,Placa de Vídeo NVIDIA GeForce RTX 3060,63,UN,805.29,8541.10.29,6201,7,15,1.65,7.6,Nacional,50733.27,2024-10-11,ndbs,2024-10-11,ndbs
109,4500000811,80,PROD-7980,Monitor LG Ultrawide 29",5,UN,84.86,8414.80.19,5403,12,10,1.65,7.6,Nacional,424.30,2024-10-11,ndbs,2024-10-11,ndbs
25,4500000827,10,PROD-6041,Smartphone Samsung Galaxy S21,95,UN,928.59,8528.72.00,5101,12,10,1.65,7.6,Nacional,88216.05,2024-10-11,ndbs,2024-10-11,ndbs
26,4500000827,20,PROD-1175,Monitor LG Ultrawide 29",67,UN,373.27,8708.40.90,5403,12,0,1.65,7.6,Nacional,25009.09,2024-10-11,ndbs,2024-10-11,ndbs
199,4500000839,10,PROD-4704,Placa de Vídeo NVIDIA GeForce RTX 3060,44,UN,329.60,8708.40.90,5101,7,0,1.65,7.6,Nacional,14502.40,2024-10-11,ndbs,2024-10-11,ndbs
200,4500000839,20,PROD-7477,Monitor LG Ultrawide 29",74,UN,439.73,8528.72.00,6201,7,15,1.65,7.6,Importado,32540.02,2024-10-11,ndbs,2024-10-11,ndbs
201,4500000839,30,PROD-4507,Laptop Dell Inspiron 15 3000,30,UN,284.00,8528.72.00,5403,7,5,1.65,7.6,Importado,8520.00,2024-10-11,ndbs,2024-10-11,ndbs
202,4500000839,40,PROD-6361,Placa de Vídeo NVIDIA GeForce RTX 3060,65,UN,996.69,8414.80.19,5403,18,20,1.65,7.6,Nacional,64784.85,2024-10-11,ndbs,2024-10-11,ndbs
203,4500000839,50,PROD-2620,Placa de Vídeo NVIDIA GeForce RTX 3060,20,UN,88.31,8528.72.00,7403,18,10,1.65,7.6,Importado,1766.20,2024-10-11,ndbs,2024-10-11,ndbs
204,4500000839,60,PROD-6830,Smartphone Samsung Galaxy S21,45,UN,548.57,8501.10.11,5101,18,15,1.65,7.6,Nacional,24685.65,2024-10-11,ndbs,2024-10-11,ndbs
205,4500000839,70,PROD-1667,Smartphone Samsung Galaxy S21,31,UN,204.27,8414.80.19,7403,7,0,1.65,7.6,Importado,6332.37,2024-10-11,ndbs,2024-10-11,ndbs
206,4500000839,80,PROD-2453,Laptop Dell Inspiron 15 3000,85,UN,840.88,8708.40.90,5403,12,10,1.65,7.6,Nacional,71474.80,2024-10-11,ndbs,2024-10-11,ndbs
207,4500000839,90,PROD-7158,Laptop Dell Inspiron 15 3000,26,UN,38.34,8708.40.90,5403,7,5,1.65,7.6,Nacional,996.84,2024-10-11,ndbs,2024-10-11,ndbs
15,4500000849,10,PROD-1685,Açúcar Cristal 50kg,50,UN,848.23,8528.72.00,5403,12,10,1.65,7.6,Importado,42411.50,2024-10-11,ndbs,2024-10-11,ndbs
16,4500000849,20,PROD-6589,Farinha de Trigo 25kg,21,UN,909.62,8528.72.00,6201,4,5,1.65,7.6,Nacional,19102.02,2024-10-11,ndbs,2024-10-11,ndbs
17,4500000849,30,PROD-4683,Leite em Pó Integral 1kg,11,UN,711.41,8414.80.19,6101,12,0,1.65,7.6,Importado,7825.51,2024-10-11,ndbs,2024-10-11,ndbs
18,4500000849,40,PROD-1259,Óleo de Soja Refinado 1L,42,UN,560.80,8528.72.00,6101,4,15,1.65,7.6,Nacional,23553.60,2024-10-11,ndbs,2024-10-11,ndbs
19,4500000849,50,PROD-1805,Margarina Vegetal 500g,55,UN,853.00,8414.80.19,5403,12,10,1.65,7.6,Importado,46915.00,2024-10-11,ndbs,2024-10-11,ndbs
20,4500000849,60,PROD-5585,Farinha de Trigo 25kg,78,UN,721.25,8501.10.11,6101,4,10,1.65,7.6,Importado,56257.50,2024-10-11,ndbs,2024-10-11,ndbs
21,4500000849,70,PROD-7822,Leite em Pó Integral 1kg,86,UN,558.57,8541.10.29,5101,4,10,1.65,7.6,Nacional,48037.02,2024-10-11,ndbs,2024-10-11,ndbs
56,4500000870,10,PROD-4122,Linha de Costura Poliéster 500m,24,UN,65.71,8414.80.19,6201,12,10,1.65,7.6,Importado,1577.04,2024-10-11,ndbs,2024-10-11,ndbs
57,4500000870,20,PROD-3854,Linha de Costura Poliéster 500m,98,UN,844.44,8708.40.90,7403,12,10,1.65,7.6,Importado,82755.12,2024-10-11,ndbs,2024-10-11,ndbs
58,4500000870,30,PROD-7965,Máquina de Costura Singer Heavy Duty,82,UN,164.81,8414.80.19,5101,12,0,1.65,7.6,Nacional,13514.42,2024-10-11,ndbs,2024-10-11,ndbs
59,4500000870,40,PROD-2947,Linha de Costura Poliéster 500m,72,UN,90.86,8501.10.11,5101,4,5,1.65,7.6,Nacional,6541.92,2024-10-11,ndbs,2024-10-11,ndbs
110,4500000946,10,PROD-6753,Pastilha de Freio Bosch,100,UN,553.39,8708.40.90,7403,18,10,1.65,7.6,Importado,55339.00,2024-10-11,ndbs,2024-10-11,ndbs
111,4500000946,20,PROD-2886,Filtro de Óleo Mann,36,UN,442.56,8414.80.19,7403,7,0,1.65,7.6,Importado,15932.16,2024-10-11,ndbs,2024-10-11,ndbs
112,4500000946,30,PROD-9504,Pneu Bridgestone Aro 17,45,UN,862.35,8708.40.90,6101,18,5,1.65,7.6,Nacional,38805.75,2024-10-11,ndbs,2024-10-11,ndbs
113,4500000946,40,PROD-7100,Bateria Automotiva Heliar,28,UN,682.35,8528.72.00,6101,12,5,1.65,7.6,Importado,19105.80,2024-10-11,ndbs,2024-10-11,ndbs
114,4500000946,50,PROD-3151,Filtro de Óleo Mann,85,UN,263.65,8528.72.00,5403,18,5,1.65,7.6,Nacional,22410.25,2024-10-11,ndbs,2024-10-11,ndbs
115,4500000946,60,PROD-3086,Bateria Automotiva Heliar,8,UN,214.90,8708.40.90,7403,18,0,1.65,7.6,Importado,1719.20,2024-10-11,ndbs,2024-10-11,ndbs
260,4500000982,10,PROD-2601,Seringa Descartável 10ml,13,UN,528.39,8708.40.90,6101,7,0,1.65,7.6,Importado,6869.07,2024-10-11,ndbs,2024-10-11,ndbs
261,4500000982,20,PROD-6395,Kit de Teste de Glicemia,76,UN,651.89,8501.10.11,7403,7,15,1.65,7.6,Importado,49543.64,2024-10-11,ndbs,2024-10-11,ndbs
262,4500000982,30,PROD-2345,Luvas Cirúrgicas Estéreis,55,UN,839.70,8708.40.90,5403,12,0,1.65,7.6,Importado,46183.50,2024-10-11,ndbs,2024-10-11,ndbs
263,4500000982,40,PROD-6297,Seringa Descartável 10ml,12,UN,437.99,8501.10.11,6101,7,5,1.65,7.6,Importado,5255.88,2024-10-11,ndbs,2024-10-11,ndbs
264,4500000982,50,PROD-6806,Luvas Cirúrgicas Estéreis,70,UN,174.16,8541.10.29,6201,18,15,1.65,7.6,Nacional,12191.20,2024-10-11,ndbs,2024-10-11,ndbs
116,4500000983,10,PROD-8734,Seringa Descartável 10ml,43,UN,301.50,8708.40.90,7403,7,0,1.65,7.6,Importado,12964.50,2024-10-11,ndbs,2024-10-11,ndbs
117,4500000983,20,PROD-7182,Paracetamol 500mg - 20 comprimidos,59,UN,683.93,8541.10.29,6101,7,10,1.65,7.6,Nacional,40351.87,2024-10-11,ndbs,2024-10-11,ndbs
118,4500000983,30,PROD-8773,Paracetamol 500mg - 20 comprimidos,34,UN,646.52,8528.72.00,5403,7,5,1.65,7.6,Importado,21981.68,2024-10-11,ndbs,2024-10-11,ndbs
119,4500000983,40,PROD-6737,Paracetamol 500mg - 20 comprimidos,31,UN,352.64,8501.10.11,5403,18,10,1.65,7.6,Nacional,10931.84,2024-10-11,ndbs,2024-10-11,ndbs
120,4500000983,50,PROD-4811,Kit de Teste de Glicemia,75,UN,839.98,8528.72.00,5101,7,10,1.65,7.6,Importado,62998.50,2024-10-11,ndbs,2024-10-11,ndbs
121,4500000983,60,PROD-1427,Paracetamol 500mg - 20 comprimidos,42,UN,45.84,8708.40.90,6201,12,0,1.65,7.6,Nacional,1925.28,2024-10-11,ndbs,2024-10-11,ndbs
122,4500000983,70,PROD-5926,Álcool em Gel 70%,78,UN,185.62,8528.72.00,5101,7,5,1.65,7.6,Importado,14478.36,2024-10-11,ndbs,2024-10-11,ndbs
123,4500000983,80,PROD-5013,Luvas Cirúrgicas Estéreis,51,UN,250.15,8528.72.00,5101,18,10,1.65,7.6,Nacional,12757.65,2024-10-11,ndbs,2024-10-11,ndbs
124,4500000983,90,PROD-2609,Kit de Teste de Glicemia,59,UN,602.13,8528.72.00,5403,18,15,1.65,7.6,Importado,35525.67,2024-10-11,ndbs,2024-10-11,ndbs
137,4500000992,10,PROD-7000,Smartphone Samsung Galaxy S21,35,UN,99.22,8528.72.00,6101,18,10,1.65,7.6,Nacional,3472.70,2024-10-11,ndbs,2024-10-11,ndbs
138,4500000992,20,PROD-2488,Laptop Dell Inspiron 15 3000,97,UN,252.16,8541.10.29,6201,18,15,1.65,7.6,Importado,24459.52,2024-10-11,ndbs,2024-10-11,ndbs
139,4500000992,30,PROD-9902,Smartphone Samsung Galaxy S21,68,UN,40.42,8414.80.19,6101,7,20,1.65,7.6,Nacional,2748.56,2024-10-11,ndbs,2024-10-11,ndbs
140,4500000992,40,PROD-1471,Smartphone Samsung Galaxy S21,7,UN,815.52,8501.10.11,5101,7,5,1.65,7.6,Nacional,5708.64,2024-10-11,ndbs,2024-10-11,ndbs
141,4500000992,50,PROD-1228,Monitor LG Ultrawide 29",51,UN,780.70,8528.72.00,5101,7,10,1.65,7.6,Nacional,39815.70,2024-10-11,ndbs,2024-10-11,ndbs
66,4500000996,10,PROD-8238,Pneu Bridgestone Aro 17,4,UN,610.10,8708.40.90,6201,7,5,1.65,7.6,Nacional,2440.40,2024-10-11,ndbs,2024-10-11,ndbs
67,4500000996,20,PROD-7697,Pastilha de Freio Bosch,27,UN,722.80,8541.10.29,6201,7,10,1.65,7.6,Nacional,19515.60,2024-10-11,ndbs,2024-10-11,ndbs
68,4500000996,30,PROD-9920,Filtro de Óleo Mann,27,UN,385.61,8528.72.00,6201,12,10,1.65,7.6,Importado,10411.47,2024-10-11,ndbs,2024-10-11,ndbs
69,4500000996,40,PROD-6559,Filtro de Óleo Mann,15,UN,212.54,8501.10.11,7403,7,15,1.65,7.6,Nacional,3188.10,2024-10-11,ndbs,2024-10-11,ndbs
70,4500000996,50,PROD-6949,Filtro de Óleo Mann,96,UN,736.53,8708.40.90,6201,12,0,1.65,7.6,Importado,70706.88,2024-10-11,ndbs,2024-10-11,ndbs
71,4500000996,60,PROD-8916,Pneu Bridgestone Aro 17,83,UN,359.66,8501.10.11,6101,12,15,1.65,7.6,Importado,29851.78,2024-10-11,ndbs,2024-10-11,ndbs
72,4500000996,70,PROD-2047,Pneu Bridgestone Aro 17,19,UN,887.19,8414.80.19,5403,18,20,1.65,7.6,Nacional,16856.61,2024-10-11,ndbs,2024-10-11,ndbs
